target,finger_joint,gap_bottom_mm,gap_top_mm,pad_bottom_beyond_tcp_mm,tilt_left_deg,tilt_right_deg,q_finger_joint,q_right_outer_knuckle_joint,q_left_inner_finger_joint,q_right_inner_finger_joint,q_left_outer_finger_joint,q_right_outer_finger_joint,q_left_inner_finger_pad_joint,q_right_inner_finger_pad_joint
0.0,2.216730990767246e-06,144.3995237350464,144.3997323513031,7.499906420707692,-0.0003975592265311453,0.0005800443731869924,2.216730990767246e-06,9.788336683413945e-06,8.32455668842158e-07,-5.831571456837992e-07,1.5716918824182358e-06,3.921372737636375e-08,2.502149598626602e-09,2.9347557273240454e-08
0.05,0.0485263355076313,135.54048538208008,139.4585222005844,9.224939346313466,1.710453140993506,1.7173293759556576,0.0485263355076313,0.048679012805223465,0.001209495821967721,0.0012566247023642063,0.019874274730682373,0.01996302232146263,0.00016029698599595577,0.00011658122821245342
0.1,0.09693329781293869,126.62801146507263,134.44016873836517,10.808277130126942,3.410525697608759,3.4271686954226723,0.09693329781293869,0.09724944829940796,0.0027489636559039354,0.0028326474130153656,0.04014897719025612,0.040267352014780045,0.00031504075741395354,0.00023624846653547138
0.15,0.14671699702739716,117.4839437007904,129.26709651947021,12.277770042419423,5.159176174311588,5.162021733505157,0.14671699702739716,0.14682486653327942,0.005018174648284912,0.005099918693304062,0.0616818331182003,0.061831194907426834,0.00031451910035684705,0.00024493425735272467
0.2,0.1963084191083908,108.26489329338074,124.00352954864502,13.606148958206166,6.8851828392898735,6.9154293800532125,0.1963084191083908,0.1967591643333435,0.007646631915122271,0.007695943117141724,0.08377736806869507,0.08375918120145798,0.0003140522167086601,0.00025150281726382673
0.25,0.24627648293972015,99.03251379728317,118.68586391210556,14.786916971206654,8.639910781254436,8.616907754713097,0.24627648293972015,0.24596457183361053,0.010581891052424908,0.010660765692591667,0.10605471581220627,0.10623231530189514,0.00031357607804238796,0.00026289751986041665
0.3,0.2957233190536499,89.71942961215973,113.2747232913971,15.829253196716298,10.344748843788325,10.372767658822232,0.2957233190536499,0.2960960268974304,0.013908988796174526,0.013921105302870274,0.12907323241233826,0.12897835671901703,0.00031328602926805615,0.0002707823587115854
0.35,0.34571728110313416,80.42196929454803,107.8277975320816,16.724231839179982,12.090227011489922,12.061259095708087,0.34571728110313416,0.34522154927253723,0.017517562955617905,0.017565295100212097,0.1522112488746643,0.1522786021232605,0.00031291390769183636,0.000282712047919631
0.4,0.39512768387794495,71.0628479719162,102.29891538619995,17.480212450027455,13.78415420488383,13.805190204944235,0.39512768387794495,0.395343154668808,0.021523740142583847,0.021498076617717743,0.17606376111507416,0.1758960783481598,0.00031277595553547144,0.00029182806611061096
0.45,0.4451269507408142,61.73720583319664,96.74594551324844,18.091145157814015,15.518019443583894,15.482461249657158,0.4451269507408142,0.44442614912986755,0.025802846997976303,0.025812236592173576,0.20008045434951782,0.20001928508281708,0.00031253843917511404,0.0003035861300304532
0.5,0.4945005774497986,52.37433314323425,91.12612903118134,18.564018607139577,17.200556420564613,17.212267623522603,0.4945005774497986,0.4945184588432312,0.030480341985821724,0.030412770807743073,0.22476525604724884,0.22452035546302795,0.0003125626826658845,0.0003135270671918988
0.55,0.5445024967193604,43.058112263679504,85.49145609140396,18.894600868225087,18.921033009183024,18.87908208881154,0.5445024967193604,0.5435815453529358,0.03542560338973999,0.035388506948947906,0.24968452751636505,0.2494681030511856,0.00031250203028321266,0.0003241517988499254
0.6,0.5938434600830078,33.73536467552185,79.80924099683762,19.087928533554066,20.591402429952996,20.59234684907504,0.5938434600830078,0.5936081409454346,0.04076029360294342,0.04065413400530815,0.2752065360546112,0.2748594284057617,0.0003126871888525784,0.0003344510623719543
0.65,0.6438145637512207,24.473004043102264,74.12172853946686,19.143152236938466,22.296032429706546,22.247146710813443,0.6438145637512207,0.6426501274108887,0.04637032747268677,0.0462772361934185,0.30103614926338196,0.3006425201892853,0.00031283299904316664,0.00034291643532924354
0.7,0.6930911540985107,15.231100842356682,68.40403378009796,19.06346082687377,23.951487433557297,23.943609610360905,0.6930911540985107,0.6926459670066833,0.05235541611909866,0.052198950201272964,0.3274042010307312,0.32695096731185913,0.0003132048004772514,0.0003529778332449496
0.75,0.7430571913719177,6.068309769034386,62.69419193267822,18.850091099739064,25.63948488148573,25.58244617352998,0.7430571913719177,0.7416231036186218,0.058618806302547455,0.05846439301967621,0.3541741371154785,0.35359033942222595,0.000313601631205529,0.0003581862256396562
