iteration,training_success
19094,0.0
19095,0.04321
19096,0.21639
19097,0.33317
19098,0.39738
19099,0.44157
19100,0.48226
19101,0.52637
19102,0.56942
19103,0.60742
19104,0.63989
19105,0.66374
19106,0.68457
19107,0.70679
19108,0.72738
19109,0.74544
19110,0.77026
19111,0.79338
19112,0.81128
19113,0.82186
19114,0.81958
19115,0.81136
19116,0.81779
19117,0.82031
19118,0.82243
19119,0.84163
19120,0.85522
19121,0.85343
19122,0.86369
19123,0.87337
19124,0.86385
19125,0.87508
19126,0.86816
19127,0.85278
19128,0.85409
19129,0.86662
19130,0.87028
19131,0.875
19132,0.86759
19133,0.8658
19134,0.87573
19135,0.8973
19136,0.89103
19137,0.88875
19138,0.88851
19139,0.89209
19140,0.87988
19141,0.88354
19142,0.88159
19143,0.88387
19144,0.86979
19145,0.87378
19146,0.87671
19147,0.88525
19148,0.88835
19149,0.88086
19150,0.87939
19151,0.86776
19152,0.85938
19153,0.86255
19154,0.87109
19155,0.8741
19156,0.87207
19157,0.87223
19158,0.86442
19159,0.8715
19160,0.87288
19161,0.86255
19162,0.85791
19163,0.85718
19164,0.8641
19165,0.86776
19166,0.86938
19167,0.85547
19168,0.85767
19169,0.85758
19170,0.84912
19171,0.85148
19172,0.85262
19173,0.84823
19174,0.84147
19175,0.83651
19176,0.83602
19177,0.83862
19178,0.84041
19179,0.83862
19180,0.82869
19181,0.81388
19182,0.80778
19183,0.80729
19184,0.81608
19185,0.8151
19186,0.80859
19187,0.79761
19188,0.7981
19189,0.80176
19190,0.81047
19191,0.81437
19192,0.81755
19193,0.81917
19194,0.83374
19195,0.84294
19196,0.84603
19197,0.84001
19198,0.83496
19199,0.82829
19200,0.83325
19201,0.83464
19202,0.83146
19203,0.83398
19204,0.83952
19205,0.83122
19206,0.83032
19207,0.82625
19208,0.82902
19209,0.84155
19210,0.84888
19211,0.8444
19212,0.83366
19213,0.83333
19214,0.82699
19215,0.8234
19216,0.84237
19217,0.84098
19218,0.83488
19219,0.83325
19220,0.83211
19221,0.83537
19222,0.83984
19223,0.84937
19224,0.84904
19225,0.85229
19226,0.84863
19227,0.84692
19228,0.83952
19229,0.83529
19230,0.83862
19231,0.84245
19232,0.83919
19233,0.82715
19234,0.82178
19235,0.8361
19236,0.83553
19237,0.83407
19238,0.8387
19239,0.83285
19240,0.8243
19241,0.82804
19242,0.82218
19243,0.81673
19244,0.81673
19245,0.82235
19246,0.82259
19247,0.82373
19248,0.83683
19249,0.83822
19250,0.83236
19251,0.83171
19252,0.83154
19253,0.8256
19254,0.82235
19255,0.82764
19256,0.82951
19257,0.82845
19258,0.82284
19259,0.80721
19260,0.80127
19261,0.79989
19262,0.80265
19263,0.80713
19264,0.81299
19265,0.80762
19266,0.80632
19267,0.81193
19268,0.81152
19269,0.81128
19270,0.80282
19271,0.7998
19272,0.80436
19273,0.80672
19274,0.80225
19275,0.81006
19276,0.81445
19277,0.80363
19278,0.79842
19279,0.79541
19280,0.79704
19281,0.79842
19282,0.79085
19283,0.79891
19284,0.8007
19285,0.809
19286,0.81592
19287,0.81071
19288,0.80786
19289,0.80892
19290,0.80412
19291,0.81169
19292,0.80859
19293,0.81112
19294,0.81885
19295,0.81925
19296,0.81755
19297,0.81755
19298,0.81852
19299,0.8208
19300,0.82072
19301,0.82145
19302,0.81974
19303,0.81519
19304,0.81396
19305,0.80876
19306,0.80786
19307,0.79541
19308,0.79264
19309,0.80387
19310,0.80721
19311,0.80371
19312,0.79736
19313,0.79207
19314,0.79785
19315,0.80583
19316,0.80965
19317,0.81315
19318,0.81429
19319,0.81047
19320,0.80981
19321,0.8125
19322,0.80941
19323,0.80981
19324,0.81673
19325,0.82048
19326,0.81559
19327,0.81283
19328,0.8134
19329,0.81494
19330,0.80998
19331,0.80135
19332,0.79443
19333,0.8099
19334,0.81877
19335,0.81681
19336,0.81201
19337,0.81266
19338,0.81104
19339,0.80941
19340,0.80672
19341,0.80412
19342,0.80119
19343,0.79704
19344,0.7972
19345,0.80558
19346,0.80786
19347,0.79956
19348,0.79525
19349,0.78849
19350,0.78231
19351,0.77816
19352,0.76636
19353,0.76571
19354,0.7701
19355,0.76595
19356,0.76514
19357,0.77165
19358,0.77474
19359,0.77596
19360,0.77563
19361,0.77091
19362,0.76912
19363,0.77173
19364,0.77116
19365,0.7758
19366,0.77563
19367,0.77246
19368,0.77018
19369,0.77344
19370,0.78035
19371,0.78125
19372,0.78174
19373,0.78605
19374,0.79199
19375,0.79598
19376,0.79077
19377,0.78654
19378,0.78247
19379,0.78426
19380,0.78939
19381,0.79045
19382,0.7832
19383,0.77856
19384,0.77954
19385,0.78174
19386,0.77954
19387,0.7797
19388,0.78589
19389,0.78516
19390,0.78011
19391,0.76929
19392,0.76929
19393,0.77165
19394,0.76676
19395,0.76294
19396,0.76668
19397,0.77035
19398,0.76465
19399,0.76294
19400,0.76099
19401,0.76074
19402,0.76465
19403,0.7771
19404,0.7723
19405,0.7644
19406,0.76782
19407,0.76685
19408,0.7701
19409,0.77344
19410,0.76864
19411,0.77059
19412,0.77262
19413,0.77344
19414,0.76823
19415,0.75838
19416,0.76725
19417,0.77336
19418,0.77547
19419,0.76937
19420,0.76473
19421,0.7609
19422,0.76668
19423,0.77124
19424,0.76847
19425,0.76668
19426,0.76636
19427,0.76367
19428,0.76335
19429,0.7618
19430,0.76107
19431,0.76343
19432,0.76904
19433,0.77091
19434,0.7688
19435,0.77409
19436,0.77539
19437,0.7723
19438,0.76978
19439,0.7653
19440,0.76074
19441,0.76562
19442,0.76473
19443,0.76204
19444,0.76481
19445,0.76172
19446,0.75789
19447,0.75854
19448,0.75464
19449,0.75016
19450,0.75545
19451,0.75757
19452,0.75651
19453,0.75838
19454,0.76082
19455,0.76107
19456,0.75838
19457,0.76237
19458,0.76481
19459,0.76595
19460,0.76099
19461,0.75488
19462,0.74569
19463,0.75065
19464,0.74935
19465,0.75277
19466,0.76074
19467,0.76017
19468,0.75285
19469,0.75431
19470,0.75146
19471,0.74756
19472,0.75
19473,0.74894
19474,0.74406
19475,0.74072
19476,0.73674
19477,0.74406
19478,0.7465
19479,0.74471
19480,0.74447
19481,0.74479
19482,0.74422
19483,0.74137
19484,0.74699
19485,0.74235
19486,0.74243
19487,0.7382
19488,0.72599
19489,0.72843
19490,0.73755
19491,0.73136
19492,0.7286
19493,0.72518
19494,0.72648
19495,0.72575
19496,0.72347
19497,0.72274
19498,0.71875
19499,0.71916
19500,0.72184
19501,0.72021
19502,0.71891
19503,0.71989
19504,0.71948
19505,0.71981
19506,0.71403
19507,0.71411
19508,0.71965
19509,0.71574
19510,0.71151
19511,0.71362
19512,0.71118
19513,0.71419
19514,0.70646
19515,0.70858
19516,0.70866
19517,0.712
19518,0.71712
19519,0.72591
19520,0.72827
19521,0.72632
19522,0.72925
19523,0.73193
19524,0.73096
19525,0.72843
19526,0.72111
19527,0.71541
19528,0.71777
19529,0.72062
19530,0.71517
19531,0.71273
19532,0.70825
19533,0.70964
19534,0.7089
19535,0.70581
19536,0.70451
19537,0.69832
19538,0.70247
19539,0.70142
19540,0.69474
19541,0.69881
19542,0.70418
19543,0.70939
19544,0.70272
19545,0.70247
19546,0.69596
19547,0.68734
19548,0.69466
19549,0.69775
19550,0.69727
19551,0.68945
19552,0.68123
19553,0.67928
19554,0.68213
19555,0.69743
19556,0.69775
19557,0.6936
19558,0.69458
19559,0.69255
19560,0.69059
19561,0.68522
19562,0.68595
19563,0.6901
19564,0.68799
19565,0.68937
19566,0.69181
19567,0.69328
19568,0.69263
19569,0.69678
19570,0.69727
19571,0.69108
19572,0.68026
19573,0.67692
19574,0.68343
19575,0.69222
19576,0.69295
19577,0.69515
19578,0.69499
19579,0.69352
19580,0.69564
19581,0.69425
19582,0.69751
19583,0.69645
19584,0.69474
19585,0.68994
19586,0.68433
19587,0.68815
19588,0.69401
19589,0.69157
19590,0.68783
19591,0.69238
19592,0.69263
19593,0.69084
19594,0.69417
19595,0.69564
19596,0.69792
19597,0.70264
19598,0.70394
19599,0.70361
19600,0.69987
19601,0.70158
19602,0.70239
19603,0.70589
19604,0.70386
19605,0.69645
19606,0.68628
19607,0.68351
19608,0.68498
19609,0.68205
19610,0.68457
19611,0.68978
19612,0.68831
19613,0.68351
19614,0.68506
19615,0.68831
19616,0.68799
19617,0.6849
19618,0.68042
19619,0.6814
19620,0.684
19621,0.68392
19622,0.67806
19623,0.67936
19624,0.68042
19625,0.68368
19626,0.67887
19627,0.68197
19628,0.68498
19629,0.68302
19630,0.68058
19631,0.68449
19632,0.6849
19633,0.68815
19634,0.68555
19635,0.67651
19636,0.67627
19637,0.6757
19638,0.67057
19639,0.67188
19640,0.67879
19641,0.67578
19642,0.66829
19643,0.66667
19644,0.6674
19645,0.66219
19646,0.66659
19647,0.67074
19648,0.6748
19649,0.67692
19650,0.67065
19651,0.66569
19652,0.66138
19653,0.66235
19654,0.6665
19655,0.66211
19656,0.65902
19657,0.65503
19658,0.6591
19659,0.66097
19660,0.65649
19661,0.65788
19662,0.65381
19663,0.65243
19664,0.6512
19665,0.64738
19666,0.65137
19667,0.65446
19668,0.65552
19669,0.64917
19670,0.64567
19671,0.64746
19672,0.6508
19673,0.65015
19674,0.64803
19675,0.64632
19676,0.64714
19677,0.6499
19678,0.64925
19679,0.64884
19680,0.65234
19681,0.65324
19682,0.64746
19683,0.64193
19684,0.63843
19685,0.63566
19686,0.63745
19687,0.64608
19688,0.6508
19689,0.64966
19690,0.6499
19691,0.64974
19692,0.65462
19693,0.64933
19694,0.64502
19695,0.64697
19696,0.64193
19697,0.64095
19698,0.64168
19699,0.63525
19700,0.63127
19701,0.64079
19702,0.65405
19703,0.65918
19704,0.65218
19705,0.64388
19706,0.63704
19707,0.63306
19708,0.62524
19709,0.6285
19710,0.62744
19711,0.63118
19712,0.63534
19713,0.63892
19714,0.63688
19715,0.63452
19716,0.63835
19717,0.63778
19718,0.63721
19719,0.6342
19720,0.63265
19721,0.63631
19722,0.639
19723,0.63517
19724,0.62891
19725,0.63127
19726,0.62809
19727,0.61532
19728,0.61393
19729,0.61198
19730,0.61011
19731,0.61458
19732,0.60864
19733,0.60978
19734,0.61027
19735,0.60881
19736,0.61336
19737,0.61466
19738,0.61491
19739,0.62199
19740,0.62541
19741,0.61995
19742,0.61865
19743,0.61743
19744,0.60889
19745,0.60506
19746,0.61174
19747,0.62174
19748,0.62866
19749,0.62451
19750,0.61523
19751,0.61442
19752,0.61466
19753,0.62394
19754,0.62052
19755,0.62093
19756,0.62174
19757,0.62061
19758,0.61711
19759,0.61304
19760,0.61361
19761,0.62069
19762,0.62622
19763,0.6154
19764,0.60669
19765,0.60718
19766,0.60913
19767,0.61621
19768,0.61995
19769,0.62191
19770,0.62703
19771,0.62598
19772,0.62508
19773,0.62272
19774,0.62419
19775,0.62272
19776,0.62288
19777,0.62052
19778,0.61434
19779,0.60897
19780,0.61133
19781,0.60929
19782,0.6071
19783,0.60124
19784,0.60205
19785,0.60775
19786,0.60767
19787,0.59757
19788,0.59985
19789,0.59424
19790,0.59644
19791,0.59863
19792,0.60197
19793,0.60181
19794,0.59505
19795,0.59383
19796,0.59383
19797,0.59766
19798,0.59513
19799,0.59448
19800,0.59798
19801,0.59749
19802,0.59098
19803,0.59432
19804,0.59473
19805,0.59473
19806,0.59302
19807,0.59147
19808,0.58773
19809,0.59123
19810,0.58903
19811,0.59473
19812,0.59074
19813,0.58293
19814,0.58008
19815,0.58016
19816,0.57666
19817,0.5765
19818,0.58081
19819,0.5848
19820,0.58244
19821,0.5791
19822,0.57511
19823,0.57202
19824,0.57357
19825,0.5769
19826,0.58643
19827,0.59163
19828,0.58512
19829,0.57975
19830,0.57935
19831,0.58065
19832,0.58114
19833,0.58529
19834,0.5887
19835,0.59172
19836,0.5861
19837,0.58455
19838,0.58244
19839,0.57902
19840,0.57829
19841,0.57943
19842,0.58024
19843,0.57731
19844,0.58057
19845,0.58382
19846,0.57926
19847,0.57739
19848,0.57625
19849,0.57552
19850,0.57365
19851,0.5717
19852,0.5686
19853,0.56372
19854,0.5651
19855,0.5647
19856,0.55876
19857,0.55908
19858,0.56795
19859,0.57463
19860,0.57292
19861,0.56934
19862,0.57975
19863,0.58398
19864,0.5765
19865,0.57406
19866,0.57365
19867,0.56584
19868,0.56836
19869,0.56396
19870,0.55949
19871,0.55444
19872,0.5564
19873,0.5555
19874,0.55892
19875,0.56331
19876,0.56779
19877,0.56323
19878,0.55282
19879,0.55965
19880,0.56071
19881,0.55469
19882,0.55981
19883,0.5616
19884,0.5564
19885,0.55648
19886,0.55697
19887,0.55949
19888,0.5603
19889,0.55615
19890,0.55135
19891,0.55265
19892,0.54989
19893,0.55143
19894,0.54525
19895,0.54215
19896,0.54785
19897,0.54386
19898,0.53703
19899,0.53727
19900,0.52775
19901,0.51221
19902,0.50496
19903,0.50985
19904,0.51514
19905,0.52572
19906,0.52995
19907,0.53027
19908,0.52572
19909,0.52734
19910,0.5223
19911,0.51758
19912,0.51034
19913,0.51302
19914,0.51937
19915,0.52197
19916,0.52913
19917,0.52995
19918,0.5297
19919,0.53255
19920,0.53084
19921,0.52515
19922,0.51701
19923,0.51213
19924,0.51799
19925,0.52075
19926,0.52775
19927,0.53255
19928,0.53418
19929,0.53727
19930,0.54045
19931,0.53638
19932,0.53182
19933,0.53353
19934,0.53784
19935,0.53003
19936,0.52743
19937,0.52751
19938,0.52563
19939,0.51733
19940,0.51994
19941,0.52726
19942,0.52433
19943,0.52458
19944,0.52279
19945,0.52222
19946,0.51514
19947,0.50854
19948,0.49902
19949,0.49829
19950,0.49479
19951,0.49731
19952,0.49772
19953,0.50366
19954,0.5022
19955,0.50439
19956,0.50513
19957,0.50553
19958,0.50472
19959,0.5096
19960,0.51717
19961,0.5188
19962,0.51619
19963,0.50806
19964,0.50407
19965,0.51424
19966,0.52279
19967,0.52433
19968,0.51896
19969,0.51034
19970,0.50407
19971,0.50448
19972,0.51147
19973,0.51416
19974,0.51473
19975,0.52075
19976,0.52238
19977,0.51717
19978,0.51213
19979,0.50472
19980,0.50407
19981,0.50741
19982,0.50106
19983,0.49227
19984,0.49748
19985,0.50879
19986,0.50765
19987,0.5096
19988,0.51489
19989,0.51074
19990,0.50895
19991,0.50806
19992,0.51383
19993,0.51213
19994,0.50944
19995,0.5105
19996,0.51652
19997,0.51758
19998,0.51725
19999,0.51652
20000,0.51685
20001,0.51693
20002,0.5127
20003,0.51147
20004,0.5118
20005,0.50317
20006,0.50269
20007,0.49674
20008,0.4952
20009,0.49007
20010,0.50033
20011,0.50138
20012,0.49764
20013,0.50008
20014,0.50171
20015,0.50635
20016,0.50179
20017,0.49512
20018,0.49137
20019,0.49585
20020,0.49919
20021,0.50057
20022,0.50098
20023,0.4978
20024,0.49023
20025,0.4821
20026,0.48218
20027,0.48405
20028,0.47998
20029,0.48242
20030,0.49219
20031,0.49007
20032,0.48836
20033,0.48429
20034,0.49015
20035,0.48991
20036,0.48535
20037,0.48926
20038,0.49316
20039,0.48836
20040,0.48633
20041,0.48022
20042,0.47778
20043,0.47795
20044,0.4856
20045,0.48413
20046,0.48413
20047,0.49284
20048,0.49756
20049,0.49504
20050,0.49487
20051,0.48975
20052,0.48381
20053,0.48234
20054,0.48454
20055,0.4777
20056,0.4764
20057,0.47746
20058,0.479
20059,0.47233
20060,0.46883
20061,0.4659
20062,0.47201
20063,0.47656
20064,0.48714
20065,0.48633
20066,0.48551
20067,0.48812
20068,0.48657
20069,0.48275
20070,0.48364
20071,0.49032
20072,0.48169
20073,0.47485
20074,0.47453
20075,0.47396
20076,0.47721
20077,0.48006
20078,0.47803
20079,0.47493
20080,0.47778
20081,0.47111
20082,0.4707
20083,0.4716
20084,0.46411
20085,0.455
20086,0.46297
20087,0.46045
20088,0.45467
20089,0.45443
20090,0.4506
20091,0.44946
20092,0.45874
20093,0.45532
20094,0.44995
20095,0.45076
20096,0.45003
20097,0.44751
20098,0.45223
20099,0.45549
20100,0.46493
20101,0.46053
20102,0.45549
20103,0.45142
20104,0.44409
20105,0.44279
20106,0.44214
20107,0.44784
20108,0.44938
20109,0.44368
20110,0.43245
20111,0.42773
20112,0.43473
20113,0.43888
20114,0.43937
20115,0.43717
20116,0.44539
20117,0.45028
20118,0.4467
20119,0.44775
20120,0.44002
20121,0.43929
20122,0.43254
20123,0.41968
20124,0.42212
20125,0.4257
20126,0.41797
20127,0.42472
20128,0.42952
20129,0.43864
20130,0.44214
20131,0.44206
20132,0.43807
20133,0.44222
20134,0.44539
20135,0.4445
20136,0.44303
20137,0.4401
20138,0.44401
20139,0.44458
20140,0.44263
20141,0.44417
20142,0.44043
20143,0.44637
20144,0.44816
20145,0.44059
20146,0.43831
20147,0.43726
20148,0.43595
20149,0.43563
20150,0.4366
20151,0.43416
20152,0.43945
20153,0.4327
20154,0.4318
20155,0.43221
20156,0.43359
20157,0.44271
20158,0.43978
20159,0.4401
20160,0.43799
20161,0.44434
20162,0.44393
20163,0.44238
20164,0.44417
20165,0.43734
20166,0.42936
20167,0.42472
20168,0.42318
20169,0.4222
20170,0.42448
20171,0.42269
20172,0.41878
20173,0.4279
20174,0.42358
20175,0.42757
20176,0.43856
20177,0.4384
20178,0.43099
20179,0.43066
20180,0.43465
20181,0.4305
20182,0.42928
20183,0.42651
20184,0.42399
20185,0.41732
20186,0.41756
20187,0.41976
20188,0.42887
20189,0.42814
20190,0.4196
20191,0.42025
20192,0.42025
20193,0.41561
20194,0.40959
20195,0.40039
20196,0.40275
20197,0.41219
20198,0.41178
20199,0.40641
20200,0.40706
20201,0.40137
20202,0.40487
20203,0.41032
20204,0.41048
20205,0.41162
20206,0.4113
20207,0.41016
20208,0.40869
20209,0.40454
20210,0.39128
20211,0.38761
20212,0.38778
20213,0.38761
20214,0.37988
20215,0.38281
20216,0.38257
20217,0.38159
20218,0.38485
20219,0.38761
20220,0.38778
20221,0.39095
20222,0.39494
20223,0.39551
20224,0.39022
20225,0.38338
20226,0.37842
20227,0.37687
20228,0.38062
20229,0.38973
20230,0.38647
20231,0.38525
20232,0.38078
20233,0.37939
20234,0.37842
20235,0.3855
20236,0.38835
20237,0.38981
20238,0.38965
20239,0.38371
20240,0.38005
20241,0.3785
20242,0.38184
20243,0.38639
20244,0.37923
20245,0.37516
20246,0.3776
20247,0.37028
20248,0.36841
20249,0.37207
20250,0.37736
20251,0.37402
20252,0.36865
20253,0.36711
20254,0.3728
20255,0.37166
20256,0.37345
20257,0.37874
20258,0.37451
20259,0.36857
20260,0.36597
20261,0.36589
20262,0.37004
20263,0.37158
20264,0.37028
20265,0.36206
20266,0.36548
20267,0.36393
20268,0.36393
20269,0.36165
20270,0.35677
20271,0.35685
20272,0.35921
20273,0.35807
20274,0.35295
20275,0.35164
20276,0.35229
20277,0.35693
20278,0.3606
20279,0.36117
20280,0.35636
20281,0.3492
20282,0.36125
20283,0.36466
20284,0.36979
20285,0.37028
20286,0.36019
20287,0.35929
20288,0.3562
20289,0.35262
20290,0.35107
20291,0.35034
20292,0.35278
20293,0.35229
20294,0.34294
20295,0.34269
20296,0.34432
20297,0.34448
20298,0.35099
20299,0.3505
20300,0.34188
20301,0.33577
20302,0.33813
20303,0.33952
20304,0.33285
20305,0.33211
20306,0.33634
20307,0.33952
20308,0.3396
20309,0.34277
20310,0.34066
20311,0.34066
20312,0.34147
20313,0.33569
20314,0.33618
20315,0.34017
20316,0.3387
20317,0.33854
20318,0.33276
20319,0.33797
20320,0.33944
20321,0.33447
20322,0.3387
20323,0.34098
20324,0.33805
20325,0.33545
20326,0.32935
20327,0.32568
20328,0.33561
20329,0.33879
20330,0.33219
20331,0.33105
20332,0.32487
20333,0.31234
20334,0.30591
20335,0.31266
20336,0.32121
20337,0.32251
20338,0.31982
20339,0.32267
20340,0.32617
20341,0.33008
20342,0.32552
20343,0.32454
20344,0.32454
20345,0.31519
20346,0.31234
20347,0.31942
20348,0.31828
20349,0.31738
20350,0.32438
20351,0.32178
20352,0.31909
20353,0.32072
20354,0.31974
20355,0.31624
20356,0.31209
20357,0.31185
20358,0.31486
20359,0.31852
20360,0.31885
20361,0.31462
20362,0.31071
20363,0.31608
20364,0.31616
20365,0.31388
20366,0.3173
20367,0.30908
20368,0.30542
20369,0.29932
20370,0.29297
20371,0.30054
20372,0.30632
20373,0.3055
20374,0.30387
20375,0.30396
20376,0.29964
20377,0.29899
20378,0.29785
20379,0.2889
20380,0.28971
20381,0.29557
20382,0.29313
20383,0.29175
20384,0.29191
20385,0.28743
20386,0.28662
20387,0.28874
20388,0.28849
20389,0.29541
20390,0.29679
20391,0.30135
20392,0.30078
20393,0.295
20394,0.2937
20395,0.29281
20396,0.28687
20397,0.28101
20398,0.29256
20399,0.29972
20400,0.30127
20401,0.30672
20402,0.30713
20403,0.30412
20404,0.30575
20405,0.30111
20406,0.29598
20407,0.29736
20408,0.295
20409,0.2946
20410,0.29492
20411,0.29232
20412,0.29053
20413,0.28947
20414,0.28727
20415,0.29565
20416,0.29338
20417,0.28776
20418,0.28809
20419,0.28923
20420,0.28971
20421,0.29061
20422,0.29354
20423,0.29883
20424,0.30306
20425,0.30778
20426,0.30566
20427,0.2994
20428,0.29549
20429,0.29297
20430,0.29565
20431,0.29956
20432,0.29834
20433,0.29207
20434,0.28841
20435,0.28662
20436,0.28703
20437,0.28931
20438,0.288
20439,0.28906
20440,0.29134
20441,0.29118
20442,0.29077
20443,0.28784
20444,0.28849
20445,0.28581
20446,0.27987
20447,0.28695
20448,0.2911
20449,0.28955
20450,0.28483
20451,0.28312
20452,0.28198
20453,0.28125
20454,0.28328
20455,0.27946
20456,0.27718
20457,0.28548
20458,0.29069
20459,0.28296
20460,0.27824
20461,0.2745
20462,0.27775
20463,0.27946
20464,0.27572
20465,0.27808
20466,0.27799
20467,0.2771
20468,0.28141
20469,0.28044
20470,0.2863
20471,0.28548
20472,0.28597
20473,0.28426
20474,0.28288
20475,0.28483
20476,0.28735
20477,0.2863
20478,0.28385
20479,0.28369
20480,0.27824
20481,0.27018
20482,0.2653
20483,0.26742
20484,0.26375
20485,0.26286
20486,0.26685
20487,0.26383
20488,0.26774
20489,0.26326
20490,0.25846
20491,0.26082
20492,0.26009
20493,0.25887
20494,0.24788
20495,0.24365
20496,0.24862
20497,0.24748
20498,0.25041
20499,0.24593
20500,0.24642
20501,0.24618
20502,0.24854
20503,0.25212
20504,0.24723
20505,0.24032
20506,0.243
20507,0.2443
20508,0.24398
20509,0.24276
20510,0.2439
20511,0.24064
20512,0.23462
20513,0.2395
20514,0.2439
20515,0.24414
20516,0.24479
20517,0.24333
20518,0.24276
20519,0.24935
20520,0.24919
20521,0.24707
20522,0.24479
20523,0.2443
20524,0.24308
20525,0.2408
20526,0.2404
20527,0.24072
20528,0.2312
20529,0.22957
20530,0.2321
20531,0.23413
20532,0.23617
20533,0.23771
20534,0.24015
20535,0.23999
20536,0.23381
20537,0.22925
20538,0.22949
20539,0.23071
20540,0.23047
20541,0.23429
20542,0.22957
20543,0.22925
20544,0.22786
20545,0.22892
20546,0.23535
20547,0.24015
20548,0.23991
20549,0.23625
20550,0.23063
20551,0.22681
20552,0.2238
20553,0.22217
20554,0.22184
20555,0.22111
20556,0.22607
20557,0.23169
20558,0.22681
20559,0.22274
20560,0.21891
20561,0.22103
20562,0.22453
20563,0.22274
20564,0.22461
20565,0.22559
20566,0.22965
20567,0.23022
20568,0.22461
20569,0.22241
20570,0.22925
20571,0.23104
20572,0.2321
20573,0.23389
20574,0.22941
20575,0.22461
20576,0.2238
20577,0.22062
20578,0.21891
20579,0.22274
20580,0.22371
20581,0.21981
20582,0.21891
20583,0.22225
20584,0.22152
20585,0.21948
20586,0.21493
20587,0.21427
20588,0.2133
20589,0.21729
20590,0.21842
20591,0.21818
20592,0.20972
20593,0.20605
